item_id,order_id,product_id,quantity,unit_price,discount_percent
ITEM00002,ORD00523,PROD032,5,107.43,0
ITEM00003,ORD00149,PROD056,5,112.51,0
ITEM00004,ORD00074,PROD006,3,30.59,10
ITEM00005,ORD00405,PROD018,5,51.32,0
ITEM00006,ORD00462,PROD027,2,112.51,0
ITEM00007,ORD00082,PROD014,5,187.51,5
ITEM00008,ORD00407,PROD034,4,57.18,5
ITEM00009,ORD00254,PROD048,2,109.25,0
ITEM00010,ORD00366,PROD056,5,132.7,0
ITEM00011,ORD00456,PROD009,5,67.09,0
ITEM00012,ORD00446,PROD034,4,55.68,0
ITEM00013,ORD00092,PROD029,1,116.3,0
ITEM00015,ORD00489,PROD020,2,36.07,0
ITEM00016,ORD00383,PROD013,2,66.16,0
ITEM00017,ORD00400,PROD054,5,157.62,10
ITEM00018,ORD00279,PROD019,2,23.01,0
ITEM00019,ORD00187,PROD009,3,57.91,0
ITEM00020,ORD00504,PROD013,-1,64.8,30
ITEM00021,ORD00129,PROD046,-1,66.56,5
ITEM00022,ORD00320,PROD051,1,287.95,0
ITEM00023,ORD00150,PROD004,2,108.8,0
ITEM00024,ORD00257,PROD053,4,328.62,30
ITEM00025,ORD00454,PROD016,5,34.82,10
ITEM00026,ORD00214,PROD031,2,26.32,0
ITEM00027,ORD00044,PROD048,3,125.9,0
ITEM00028,ORD00054,PROD056,4,125.99,0
ITEM00029,ORD00172,PROD051,-1,256.55,15
ITEM00030,ORD00487,PROD045,2,33.78,0
ITEM00031,ORD00347,PROD060,3,134.17,0
ITEM00032,ORD00550,PROD051,5,246.43,0
ITEM00033,ORD00356,PROD052,-2,176.1,0
ITEM00034,ORD00138,PROD017,3,73.47,0
ITEM00035,ORD00502,PROD013,4,68.49,0
ITEM00036,ORD00165,PROD005,5,61.17,0
ITEM00037,ORD00001,PROD050,1,48.7,0
ITEM00038,ORD00373,PROD050,5,48.51,0
ITEM00039,ORD00195,PROD034,3,56.2,0
ITEM00040,ORD00330,PROD008,2,61.43,0
ITEM00041,ORD00033,PROD013,4,61.59,5
ITEM00042,ORD00539,PROD040,1,56.4,10
ITEM00043,ORD00214,PROD042,1,53.9,0
ITEM00044,ORD00426,PROD053,3,327.68,0
ITEM00045,ORD00073,PROD054,1,154.94,0
ITEM00046,ORD00237,PROD035,2,19.73,15
ITEM00047,ORD00426,PROD048,4,104.69,0
ITEM00048,ORD00438,PROD057,5,36.92,0
ITEM00049,ORD00162,PROD035,3,22.49,0
ITEM00050,ORD00333,PROD055,3,45.9,0
ITEM00051,ORD00220,PROD025,4,85.77,0
ITEM00052,ORD00407,PROD001,5,49.63,0
ITEM00054,ORD00524,PROD036,4,274.23,0
ITEM00055,ORD00142,PROD017,3,65.49,0
ITEM00056,ORD00410,PROD037,4,516.38,0
ITEM00057,ORD00098,PROD039,1,18.09,20
ITEM00058,ORD00343,PROD023,1,365.98,0
ITEM00059,ORD00233,PROD048,-3,118.65,0
ITEM00060,ORD00313,PROD034,5,48.49,0
ITEM00061,ORD00157,PROD004,5,119.18,0
ITEM00062,ORD00093,PROD015,3,29.25,0
ITEM00063,ORD00051,PROD036,2,263.94,10
ITEM00064,ORD00493,PROD036,5,251.87,0
ITEM00065,ORD00537,PROD016,5,31.18,10
ITEM00066,ORD00424,PROD028,3,98.22,10
ITEM00067,ORD00359,PROD040,4,57.84,0
ITEM00068,ORD00240,PROD013,1,70.27,15
ITEM00069,ORD00152,PROD056,3,130.46,10
ITEM00070,ORD00024,PROD022,5,30.94,0
ITEM00071,ORD00495,PROD040,-3,56.74,15
ITEM00072,ORD00540,PROD003,3,114.88,5
ITEM00073,ORD00009,PROD005,1,59.25,20
ITEM00074,ORD00396,PROD015,3,32.87,0
ITEM00075,ORD00545,PROD006,1,30.77,0
ITEM00076,ORD00543,PROD020,3,38.99,0
ITEM00077,ORD00364,PROD041,3,154.88,0
ITEM00078,ORD00264,PROD057,5,39.47,0
ITEM00079,ORD00231,PROD010,4,1042.03,0
ITEM00080,ORD00233,PROD027,3,114.48,30
ITEM00081,ORD00135,PROD014,2,209.36,0
ITEM00082,ORD00317,PROD045,2,34.58,0
ITEM00083,ORD00162,PROD021,2,976.28,0
ITEM00084,ORD00150,PROD047,4,423.1,0
ITEM00085,ORD00281,PROD010,5,1146.99,5
ITEM00086,ORD00237,PROD039,4,16.49,0
ITEM00087,ORD00481,PROD046,2,69.73,10
ITEM00088,ORD00034,PROD027,2,128.63,5
ITEM00089,ORD00068,PROD012,4,22.16,0
ITEM00090,ORD00469,PROD057,4,38.21,0
ITEM00091,ORD00404,PROD040,1,59.25,0
ITEM00092,ORD00463,PROD030,4,72.39,30
ITEM00093,ORD00041,PROD036,2,263.23,0
ITEM00094,ORD00408,PROD057,4,38.73,0
ITEM00096,ORD00139,PROD026,5,79.43,0
ITEM00097,ORD00207,PROD057,2,40.08,15
ITEM00098,ORD00127,PROD006,5,30.24,0
ITEM00099,ORD00524,PROD040,2,59.38,0
ITEM00100,ORD00154,PROD011,3,65.73,15
ITEM00101,ORD00457,PROD019,5,22.9,5
ITEM00102,ORD00013,PROD030,5,67.45,0
ITEM00103,ORD00244,PROD014,1,206.5,0
ITEM00104,ORD00007,PROD016,2,35.88,15
ITEM00105,ORD00152,PROD004,5,118.66,20
ITEM00106,ORD00090,PROD004,3,104.78,0
ITEM00107,ORD00182,PROD030,3,71.23,0
ITEM00108,ORD00389,PROD053,3,305.08,0
ITEM00109,ORD00125,PROD045,2,35.72,0
ITEM00110,ORD00060,PROD007,1,68.56,0
ITEM00111,ORD00295,PROD028,5,103.7,0
ITEM00112,ORD00133,PROD040,4,54.74,0
ITEM00113,ORD00239,PROD046,1,64.34,5
ITEM00114,ORD00213,PROD052,3,166.15,0
ITEM00115,ORD00218,PROD001,1,48.73,0
ITEM00116,ORD00519,PROD036,5,259.42,15
ITEM00117,ORD00030,PROD054,4,150.32,0
ITEM00118,ORD00037,PROD042,3,49.63,10
ITEM00119,ORD00424,PROD060,3,128.04,0
ITEM00120,ORD00020,PROD014,3,205.98,0
ITEM00121,ORD00153,PROD018,5,50.83,0
ITEM00122,ORD00399,PROD012,3,20.66,0
ITEM00123,ORD00279,PROD027,3,110.33,0
ITEM00125,ORD00026,PROD052,4,161.38,0
ITEM00126,ORD00537,PROD020,5,42.97,20
ITEM00127,ORD00136,PROD014,5,212.61,0
ITEM00128,ORD00319,PROD060,3,109.18,0
ITEM00129,ORD00048,PROD007,5,67.8,0
ITEM00130,ORD00215,PROD021,1,1008.13,10
ITEM00131,ORD00162,PROD018,1,43.2,0
ITEM00132,ORD00359,PROD036,2,259.1,15
ITEM00133,ORD00319,PROD040,1,58.69,0
ITEM00134,ORD00052,PROD007,5,65.74,10
ITEM00135,ORD00457,PROD040,5,52.25,0
ITEM00136,ORD00477,PROD037,4,433.84,0
ITEM00137,ORD00318,PROD044,2,69.65,0
ITEM00138,ORD00265,PROD059,3,111.27,25
ITEM00139,ORD00031,PROD005,2,60.42,0
ITEM00140,ORD00357,PROD039,1,17.83,0
ITEM00141,ORD00073,PROD051,2,258.11,0
ITEM00142,ORD00163,PROD031,5,26.29,0
ITEM00143,ORD00446,PROD037,1,502.67,0
ITEM00144,ORD00499,PROD008,4,68.87,0
ITEM00145,ORD00416,PROD005,4,62.08,0
ITEM00146,ORD00063,PROD006,1,31.0,10
ITEM00147,ORD00153,PROD029,2,122.33,0
ITEM00148,ORD00325,PROD020,4,41.12,0
ITEM00149,ORD00353,PROD006,2,33.68,0
ITEM00150,ORD00064,PROD024,-3,51.46,0
ITEM00151,ORD00368,PROD008,5,72.9,0
ITEM00152,ORD00326,PROD046,2,65.73,0
ITEM00153,ORD00193,PROD036,2,263.06,0
ITEM00154,ORD00129,PROD009,4,54.16,0
ITEM00155,ORD00140,PROD006,5,30.41,0
ITEM00156,ORD00185,PROD030,3,67.63,0
ITEM00157,ORD00435,PROD039,5,15.62,0
ITEM00158,ORD00376,PROD003,1,134.4,0
ITEM00159,ORD00082,PROD010,3,1135.24,0
ITEM00161,ORD00320,PROD040,4,48.62,0
ITEM00162,ORD00481,PROD037,3,497.05,0
ITEM00163,ORD00037,PROD045,5,36.18,0
ITEM00164,ORD00485,PROD038,5,30.64,30
ITEM00165,ORD00497,PROD006,5,30.33,15
ITEM00166,ORD00264,PROD001,2,49.79,0
ITEM00168,ORD00034,PROD022,2,36.63,0
ITEM00169,ORD00423,PROD050,2,46.02,0
ITEM00170,ORD00354,PROD004,2,118.38,0
ITEM00171,ORD00488,PROD020,2,40.27,0
ITEM00172,ORD00400,PROD031,3,25.56,0
ITEM00173,ORD00460,PROD025,1,84.2,0
ITEM00174,ORD00545,PROD041,3,156.74,0
ITEM00175,ORD00274,PROD052,2,147.54,0
ITEM00176,ORD00200,PROD034,5,52.05,0
ITEM00177,ORD00009,PROD054,4,146.45,0
ITEM00178,ORD00291,PROD017,2,62.88,5
ITEM00179,ORD00125,PROD046,5,74.35,15
ITEM00180,ORD00190,PROD058,1,61.65,5
ITEM00181,ORD00284,PROD050,3,46.48,0
ITEM00182,ORD00076,PROD018,1,50.16,0
ITEM00183,ORD00272,PROD012,5,19.97,0
ITEM00184,ORD00504,PROD007,1,62.15,0
ITEM00185,ORD00266,PROD007,1,60.51,15
ITEM00186,ORD00153,PROD042,3,55.68,0
ITEM00188,ORD00072,PROD035,4,19.02,0
ITEM00189,ORD00549,PROD060,1,134.76,0
ITEM00190,ORD00093,PROD024,4,47.61,0
ITEM00191,ORD00297,PROD042,2,50.44,0
ITEM00192,ORD00400,PROD058,4,61.59,0
ITEM00193,ORD00144,PROD003,4,113.2,0
ITEM00194,ORD00316,PROD032,1,102.01,0
ITEM00195,ORD00058,PROD022,5,35.19,5
ITEM00196,ORD00550,PROD010,4,1137.85,5
ITEM00197,ORD00483,PROD059,2,125.41,15
ITEM00198,ORD00315,PROD053,5,359.53,0
ITEM00199,ORD00109,PROD008,2,67.44,0
ITEM00200,ORD00412,PROD021,3,988.99,0
ITEM00201,ORD00219,PROD049,4,91.03,5
ITEM00203,ORD00162,PROD002,5,87.82,5
ITEM00204,ORD00427,PROD045,2,35.33,0
ITEM00205,ORD00278,PROD034,5,53.41,5
ITEM00207,ORD00242,PROD013,3,61.75,0
ITEM00208,ORD00520,PROD015,1,29.46,0
ITEM00209,ORD00153,PROD044,2,72.64,0
ITEM00210,ORD00045,PROD004,4,118.44,10
ITEM00211,ORD00054,PROD060,1,122.5,5
ITEM00212,ORD00456,PROD038,3,33.66,0
ITEM00213,ORD00113,PROD021,2,1014.67,10
ITEM00214,ORD00497,PROD004,4,124.71,25
ITEM00215,ORD00469,PROD047,3,440.39,0
ITEM00216,ORD00062,PROD018,2,43.43,0
ITEM00217,ORD00226,PROD057,2,38.64,15
ITEM00218,ORD00236,PROD006,2,32.43,0
ITEM00219,ORD00474,PROD018,2,42.15,0
ITEM00220,ORD00228,PROD058,1,73.9,0
ITEM00221,ORD00046,PROD003,4,134.75,0
ITEM00222,ORD00491,PROD052,2,172.73,0
ITEM00223,ORD00013,PROD045,3,34.78,0
ITEM00224,ORD00093,PROD002,5,80.62,0
ITEM00225,ORD00025,PROD030,3,66.94,15
ITEM00226,ORD00002,PROD056,5,124.92,0
ITEM00228,ORD00083,PROD040,3,58.56,0
ITEM00229,ORD00114,PROD025,2,78.57,0
ITEM00230,ORD00069,PROD036,1,282.55,30
ITEM00231,ORD00215,PROD049,4,106.76,10
ITEM00232,ORD00065,PROD024,1,45.62,0
ITEM00233,ORD00545,PROD044,3,72.37,0
ITEM00234,ORD00068,PROD013,2,73.36,0
ITEM00235,ORD00079,PROD007,2,62.46,5
ITEM00236,ORD00024,PROD019,4,21.86,0
ITEM00237,ORD00455,PROD048,2,118.44,5
ITEM00238,ORD00533,PROD042,3,52.03,0
ITEM00239,ORD00543,PROD054,3,163.74,0
ITEM00240,ORD00267,PROD015,1,29.6,0
ITEM00241,ORD00292,PROD030,5,74.33,0
ITEM00242,ORD00180,PROD054,2,169.49,0
ITEM00243,ORD00043,PROD021,2,1097.89,0
ITEM00244,ORD00036,PROD043,5,77.69,0
ITEM00245,ORD00547,PROD020,4,37.08,25
ITEM00246,ORD00160,PROD001,3,52.19,0
ITEM00247,ORD00297,PROD049,5,112.07,0
ITEM00248,ORD00453,PROD022,2,34.47,0
ITEM00249,ORD00120,PROD020,3,36.21,0
ITEM00250,ORD00057,PROD039,3,18.09,0
ITEM00251,ORD00086,PROD035,5,21.82,0
ITEM00252,ORD00503,PROD021,3,1104.76,0
ITEM00253,ORD00438,PROD024,4,46.05,10
ITEM00254,ORD00090,PROD014,4,212.75,0
ITEM00255,ORD00435,PROD047,2,514.13,10
ITEM00256,ORD00538,PROD022,1,29.89,0
ITEM00258,ORD00391,PROD019,3,22.54,20
ITEM00259,ORD00475,PROD015,4,26.58,5
ITEM00260,ORD00295,PROD027,1,112.83,0
ITEM00261,ORD00284,PROD032,5,112.37,15
ITEM00262,ORD00265,PROD041,3,168.69,0
ITEM00263,ORD00018,PROD055,4,44.73,0
ITEM00264,ORD00139,PROD023,3,312.25,10
ITEM00265,ORD00299,PROD034,1,55.67,5
ITEM00266,ORD00172,PROD035,3,19.45,0
ITEM00267,ORD00372,PROD007,2,68.0,0
ITEM00268,ORD00382,PROD050,1,47.09,0
ITEM00269,ORD00516,PROD015,5,31.89,0
ITEM00271,ORD00372,PROD009,3,65.03,0
ITEM00272,ORD00312,PROD002,2,85.39,5
ITEM00273,ORD00215,PROD009,1,67.24,0
ITEM00274,ORD00496,PROD049,5,99.7,5
ITEM00275,ORD00122,PROD059,1,108.45,15
ITEM00276,ORD00211,PROD038,3,36.02,10
ITEM00277,ORD00357,PROD023,2,312.04,0
ITEM00278,ORD00070,PROD007,2,72.28,0
ITEM00279,ORD00176,PROD058,5,71.3,15
ITEM00280,ORD00487,PROD024,3,49.33,15
ITEM00281,ORD00435,PROD014,3,203.14,0
ITEM00282,ORD00113,PROD034,5,49.63,0
ITEM00283,ORD00085,PROD021,3,1078.49,0
ITEM00284,ORD00455,PROD015,1,30.06,20
ITEM00285,ORD00488,PROD044,4,65.5,15
ITEM00286,ORD00088,PROD008,1,62.14,0
ITEM00287,ORD00173,PROD005,4,58.91,5
ITEM00288,ORD00435,PROD047,5,472.41,0
ITEM00289,ORD00410,PROD023,4,335.69,0
ITEM00290,ORD00151,PROD050,2,46.77,10
ITEM00291,ORD00055,PROD054,4,146.46,0
ITEM00292,ORD00335,PROD010,5,1032.66,0
ITEM00293,ORD00478,PROD013,5,64.39,0
ITEM00294,ORD00019,PROD049,4,90.71,0
ITEM00295,ORD00386,PROD029,3,120.4,10
ITEM00296,ORD00169,PROD032,1,99.69,0
ITEM00297,ORD00503,PROD043,5,81.95,0
ITEM00298,ORD00519,PROD004,5,111.98,0
ITEM00299,ORD00292,PROD021,3,974.74,0
ITEM00301,ORD00422,PROD023,1,304.23,5
ITEM00302,ORD00068,PROD056,-2,116.22,0
ITEM00303,ORD00433,PROD037,-2,474.05,0
ITEM00304,ORD00325,PROD025,4,82.25,0
ITEM00305,ORD00211,PROD022,2,33.05,0
ITEM00306,ORD00373,PROD028,1,94.54,0
ITEM00307,ORD00549,PROD014,2,192.93,30
ITEM00308,ORD00095,PROD046,5,72.65,10
ITEM00309,ORD00215,PROD023,3,359.67,0
ITEM00310,ORD00321,PROD013,5,66.2,10
ITEM00311,ORD00020,PROD041,2,169.32,0
ITEM00312,ORD00479,PROD018,4,51.84,0
ITEM00313,ORD00062,PROD034,3,50.41,0
ITEM00314,ORD00421,PROD021,4,1166.44,0
ITEM00316,ORD00197,PROD002,5,76.41,0
ITEM00317,ORD00433,PROD042,-2,58.87,5
ITEM00318,ORD00181,PROD042,1,58.23,0
ITEM00319,ORD00086,PROD021,4,1104.38,0
ITEM00320,ORD00093,PROD026,1,88.96,0
ITEM00321,ORD00513,PROD060,5,111.24,0
ITEM00322,ORD00093,PROD016,5,33.81,0
ITEM00323,ORD00242,PROD060,4,119.4,5
ITEM00324,ORD00058,PROD032,5,102.0,0
ITEM00325,ORD00253,PROD018,3,51.23,0
ITEM00326,ORD00022,PROD042,1,59.6,0
ITEM00327,ORD00246,PROD017,3,68.28,0
ITEM00328,ORD00125,PROD035,4,21.9,0
ITEM00329,ORD00262,PROD020,2,36.8,0
ITEM00330,ORD00165,PROD059,4,113.19,0
ITEM00331,ORD00281,PROD056,4,110.15,0
ITEM00332,ORD00341,PROD046,2,66.32,0
ITEM00333,ORD00519,PROD005,3,58.75,0
ITEM00334,ORD00029,PROD049,2,91.17,0
ITEM00336,ORD00134,PROD055,4,48.24,0
ITEM00337,ORD00137,PROD017,3,62.59,0
ITEM00338,ORD00425,PROD024,5,43.91,0
ITEM00339,ORD00024,PROD060,1,123.07,0
ITEM00341,ORD00377,PROD011,4,66.79,15
ITEM00342,ORD00507,PROD008,3,63.35,25
ITEM00343,ORD00507,PROD025,3,74.33,0
ITEM00344,ORD00194,PROD027,-2,112.86,0
ITEM00345,ORD00462,PROD059,1,108.33,0
ITEM00346,ORD00137,PROD056,4,116.71,0
ITEM00347,ORD00263,PROD005,3,55.29,10
ITEM00348,ORD00047,PROD001,4,44.66,0
ITEM00349,ORD00136,PROD058,5,68.38,0
ITEM00350,ORD00348,PROD057,3,40.2,15
ITEM00351,ORD00046,PROD009,3,60.74,0
ITEM00352,ORD00290,PROD058,3,73.14,0
ITEM00353,ORD00447,PROD058,2,62.46,0
ITEM00354,ORD00451,PROD004,2,106.82,5
ITEM00355,ORD00447,PROD008,3,74.91,0
ITEM00356,ORD00497,PROD030,1,67.38,0
ITEM00357,ORD00209,PROD056,3,115.66,0
ITEM00358,ORD00218,PROD038,1,36.74,15
ITEM00359,ORD00511,PROD044,1,61.4,0
ITEM00360,ORD00109,PROD054,4,155.65,10
ITEM00361,ORD00276,PROD039,5,18.15,0
ITEM00362,ORD00333,PROD047,2,524.98,0
ITEM00363,ORD00050,PROD052,1,167.17,0
ITEM00364,ORD00391,PROD006,1,32.33,30
ITEM00365,ORD00214,PROD011,2,59.24,0
ITEM00366,ORD00503,PROD052,5,159.56,0
ITEM00367,ORD00099,PROD054,3,157.23,10
ITEM00368,ORD00434,PROD006,4,34.96,0
ITEM00369,ORD00096,PROD003,2,121.85,0
ITEM00370,ORD00540,PROD041,4,167.3,10
ITEM00371,ORD00131,PROD044,3,73.53,0
ITEM00372,ORD00079,PROD059,5,103.15,10
ITEM00373,ORD00364,PROD017,-3,68.77,0
ITEM00374,ORD00184,PROD051,3,250.92,0
ITEM00375,ORD00466,PROD049,2,105.08,0
ITEM00378,ORD00311,PROD040,4,57.74,0
ITEM00379,ORD00090,PROD009,2,55.82,20
ITEM00380,ORD00215,PROD031,5,27.88,0
ITEM00381,ORD00309,PROD050,-1,46.87,0
ITEM00382,ORD00456,PROD032,2,100.61,0
ITEM00383,ORD00402,PROD004,4,110.51,20
ITEM00384,ORD00298,PROD003,5,121.15,0
ITEM00385,ORD00500,PROD015,3,31.11,0
ITEM00386,ORD00275,PROD058,5,69.71,0
ITEM00387,ORD00356,PROD029,3,126.82,5
ITEM00388,ORD00520,PROD015,4,30.28,0
ITEM00389,ORD00301,PROD047,3,494.7,0
ITEM00390,ORD00166,PROD040,4,50.47,0
ITEM00391,ORD00205,PROD011,3,62.18,10
ITEM00392,ORD00049,PROD002,5,78.45,15
ITEM00393,ORD00066,PROD022,2,32.57,0
ITEM00394,ORD00349,PROD051,2,261.3,20
ITEM00395,ORD00528,PROD039,4,18.2,0
ITEM00396,ORD00114,PROD007,1,71.71,0
ITEM00397,ORD00043,PROD033,3,20.32,0
ITEM00398,ORD00300,PROD046,1,66.61,0
ITEM00399,ORD00373,PROD022,1,35.42,5
ITEM00400,ORD00486,PROD022,4,31.51,5
ITEM00401,ORD00252,PROD010,2,1140.77,0
ITEM00402,ORD00424,PROD059,3,112.44,0
ITEM00403,ORD00454,PROD010,1,1144.84,0
ITEM00404,ORD00323,PROD026,2,89.66,5
ITEM00405,ORD00060,PROD041,3,179.28,0
ITEM00406,ORD00312,PROD047,-2,497.98,0
ITEM00407,ORD00151,PROD045,5,32.37,0
ITEM00408,ORD00453,PROD045,2,31.94,0
ITEM00409,ORD00087,PROD003,2,122.5,0
ITEM00410,ORD00291,PROD014,2,184.18,0
ITEM00411,ORD00265,PROD016,5,35.52,0
ITEM00412,ORD00062,PROD054,1,157.43,0
ITEM00413,ORD00128,PROD029,2,116.03,0
ITEM00414,ORD00547,PROD055,5,48.25,0
ITEM00415,ORD00387,PROD034,3,56.85,10
ITEM00416,ORD00151,PROD046,4,66.37,0
ITEM00417,ORD00488,PROD014,5,200.08,0
ITEM00418,ORD00405,PROD056,4,115.11,0
ITEM00419,ORD00502,PROD047,2,522.19,0
ITEM00420,ORD00469,PROD009,2,67.07,0
ITEM00421,ORD00034,PROD048,1,106.0,0
ITEM00422,ORD00419,PROD008,2,61.8,0
ITEM00423,ORD00313,PROD024,2,45.18,0
ITEM00424,ORD00432,PROD004,2,125.89,0
ITEM00425,ORD00501,PROD001,4,43.28,0
ITEM00426,ORD00318,PROD037,5,467.5,0
ITEM00427,ORD00142,PROD033,2,22.95,0
ITEM00428,ORD00334,PROD006,2,35.28,0
ITEM00429,ORD00348,PROD035,3,18.21,0
ITEM00430,ORD00170,PROD046,3,60.36,0
ITEM00431,ORD00127,PROD042,1,54.71,15
ITEM00432,ORD00535,PROD013,-3,71.24,0
ITEM00433,ORD00185,PROD002,5,76.94,20
ITEM00434,ORD00547,PROD039,1,16.84,0
ITEM00435,ORD00185,PROD027,1,108.64,0
ITEM00436,ORD00102,PROD035,3,18.76,5
ITEM00437,ORD00174,PROD004,-1,117.67,0
ITEM00438,ORD00102,PROD021,1,994.19,0
ITEM00439,ORD00246,PROD049,1,103.43,10
ITEM00440,ORD00326,PROD030,1,68.28,5
ITEM00441,ORD00104,PROD016,5,35.01,0
ITEM00442,ORD00086,PROD055,2,48.68,30
ITEM00443,ORD00434,PROD059,5,116.16,20
ITEM00444,ORD00172,PROD001,3,42.63,0
ITEM00446,ORD00072,PROD020,5,36.8,0
ITEM00447,ORD00443,PROD014,3,207.47,0
ITEM00448,ORD00464,PROD018,4,44.58,0
ITEM00449,ORD00337,PROD002,1,88.44,25
ITEM00450,ORD00178,PROD027,4,122.99,0
ITEM00451,ORD00080,PROD035,1,18.14,0
ITEM00452,ORD00386,PROD053,1,345.1,0
ITEM00453,ORD00380,PROD060,3,113.2,15
ITEM00454,ORD00311,PROD052,3,169.84,10
ITEM00455,ORD00215,PROD001,3,44.06,0
ITEM00456,ORD00506,PROD011,5,61.45,0
ITEM00457,ORD00067,PROD038,2,30.34,5
ITEM00458,ORD00281,PROD013,5,72.7,30
ITEM00459,ORD00465,PROD001,1,51.85,0
ITEM00460,ORD00331,PROD028,5,109.0,0
ITEM00461,ORD00371,PROD034,3,57.11,0
ITEM00462,ORD00546,PROD029,5,116.53,0
ITEM00463,ORD00232,PROD045,3,32.52,5
ITEM00464,ORD00100,PROD002,3,80.63,0
ITEM00465,ORD00254,PROD007,3,67.09,0
ITEM00467,ORD00088,PROD004,1,125.38,0
ITEM00468,ORD00064,PROD059,1,122.46,15
ITEM00469,ORD00054,PROD019,4,24.01,0
ITEM00470,ORD00011,PROD030,5,65.75,0
ITEM00471,ORD00027,PROD030,1,67.74,0
ITEM00472,ORD00070,PROD038,3,35.2,10
ITEM00473,ORD00493,PROD047,2,485.19,5
ITEM00474,ORD00447,PROD033,5,24.55,0
ITEM00475,ORD00151,PROD031,1,25.84,0
ITEM00476,ORD00149,PROD004,1,108.05,0
ITEM00477,ORD00201,PROD013,4,69.59,5
ITEM00478,ORD00479,PROD039,3,18.29,0
ITEM00479,ORD00429,PROD022,1,30.59,0
ITEM00480,ORD00004,PROD041,3,152.03,15
ITEM00481,ORD00385,PROD014,-1,198.01,0
ITEM00482,ORD00031,PROD036,3,246.9,5
ITEM00483,ORD00031,PROD013,3,62.95,20
ITEM00484,ORD00252,PROD012,2,18.87,5
ITEM00485,ORD00114,PROD022,3,36.28,0
ITEM00486,ORD00540,PROD052,1,179.92,0
ITEM00487,ORD00134,PROD051,3,251.37,0
ITEM00488,ORD00251,PROD059,5,103.18,0
ITEM00489,ORD00153,PROD021,2,1019.32,0
ITEM00490,ORD00501,PROD014,5,212.73,0
ITEM00491,ORD00521,PROD025,4,85.51,0
ITEM00492,ORD00184,PROD021,4,1131.0,0
ITEM00493,ORD00411,PROD041,2,177.16,0
ITEM00494,ORD00463,PROD056,2,114.32,10
ITEM00495,ORD00384,PROD017,3,68.24,5
ITEM00496,ORD00043,PROD030,4,67.67,0
ITEM00497,ORD00510,PROD021,1,1025.52,10
ITEM00498,ORD00085,PROD019,3,23.97,0
ITEM00499,ORD00101,PROD008,3,61.06,5
ITEM00500,ORD00282,PROD013,5,70.57,0
ITEM00501,ORD00009,PROD050,4,45.14,0
ITEM00502,ORD00013,PROD031,4,27.91,0
ITEM00503,ORD00215,PROD031,4,25.39,0
ITEM00504,ORD00473,PROD022,4,35.22,0
ITEM00505,ORD00461,PROD055,2,47.86,0
ITEM00506,ORD00010,PROD032,4,108.23,0
ITEM00507,ORD00414,PROD049,1,107.52,0
ITEM00508,ORD00033,PROD060,5,111.74,0
ITEM00509,ORD00401,PROD025,2,75.66,0
ITEM00510,ORD00337,PROD037,2,521.0,0
ITEM00511,ORD00182,PROD003,-1,130.3,0
ITEM00512,ORD00396,PROD019,3,20.82,10
ITEM00513,ORD00176,PROD021,1,1166.33,0
ITEM00514,ORD00429,PROD031,2,28.44,0
ITEM00515,ORD00211,PROD020,5,39.88,0
ITEM00516,ORD00318,PROD038,2,30.89,0
ITEM00518,ORD00503,PROD030,4,66.93,5
ITEM00519,ORD00305,PROD026,2,83.02,0
ITEM00520,ORD00443,PROD030,1,65.76,0
ITEM00521,ORD00045,PROD016,1,35.91,20
ITEM00522,ORD00223,PROD059,3,114.58,0
ITEM00523,ORD00108,PROD033,3,23.59,0
ITEM00524,ORD00046,PROD030,4,60.39,0
ITEM00525,ORD00409,PROD055,2,44.04,5
ITEM00526,ORD00476,PROD032,4,100.38,15
ITEM00527,ORD00286,PROD054,2,149.81,0
ITEM00528,ORD00548,PROD048,2,111.97,15
ITEM00529,ORD00183,PROD014,4,212.15,0
ITEM00530,ORD00536,PROD042,3,55.95,0
ITEM00531,ORD00005,PROD004,3,121.7,0
ITEM00532,ORD00205,PROD006,1,29.52,5
ITEM00533,ORD00099,PROD052,1,174.07,0
ITEM00534,ORD00111,PROD053,2,324.54,0
ITEM00535,ORD00405,PROD028,4,92.72,10
ITEM00536,ORD00013,PROD025,5,75.82,15
ITEM00537,ORD00069,PROD057,1,37.95,0
ITEM00538,ORD00176,PROD017,4,74.37,0
ITEM00539,ORD00137,PROD022,4,30.69,0
ITEM00540,ORD00019,PROD039,2,19.14,0
ITEM00541,ORD00014,PROD015,2,26.54,0
ITEM00542,ORD00250,PROD040,4,48.94,10
ITEM00543,ORD00039,PROD016,3,36.19,0
ITEM00544,ORD00326,PROD042,3,57.44,15
ITEM00545,ORD00235,PROD055,1,49.7,0
ITEM00546,ORD00255,PROD052,4,168.74,0
ITEM00547,ORD00188,PROD029,1,124.99,10
ITEM00548,ORD00145,PROD014,2,185.65,10
ITEM00550,ORD00255,PROD020,3,38.56,0
ITEM00551,ORD00493,PROD006,4,36.39,0
ITEM00552,ORD00518,PROD040,4,56.8,0
ITEM00553,ORD00391,PROD028,5,109.22,0
ITEM00554,ORD00180,PROD017,5,65.69,0
ITEM00555,ORD00074,PROD022,2,30.4,0
ITEM00557,ORD00383,PROD025,4,80.8,0
ITEM00558,ORD00128,PROD025,3,88.76,15
ITEM00559,ORD00501,PROD041,4,168.79,0
ITEM00560,ORD00249,PROD031,1,24.19,0
ITEM00561,ORD00152,PROD017,2,69.07,0
ITEM00562,ORD00166,PROD001,5,43.23,15
ITEM00563,ORD00083,PROD034,4,58.92,0
ITEM00565,ORD00092,PROD007,2,69.53,0
ITEM00566,ORD00215,PROD060,-1,128.19,0
ITEM00567,ORD00002,PROD007,3,61.04,0
ITEM00568,ORD00175,PROD012,2,19.67,0
ITEM00569,ORD00113,PROD029,2,123.3,5
ITEM00570,ORD00419,PROD029,2,124.91,0
ITEM00571,ORD00088,PROD025,4,74.23,5
ITEM00572,ORD00104,PROD001,-3,42.64,0
ITEM00573,ORD00043,PROD007,5,63.15,0
ITEM00574,ORD00273,PROD060,3,121.11,0
ITEM00575,ORD00352,PROD021,4,1156.04,0
ITEM00577,ORD00126,PROD056,2,122.31,0
ITEM00578,ORD00487,PROD033,3,21.84,30
ITEM00579,ORD00369,PROD056,4,109.22,0
ITEM00580,ORD00497,PROD026,4,85.29,0
ITEM00581,ORD00103,PROD047,5,460.41,0
ITEM00582,ORD00517,PROD003,5,111.44,0
ITEM00583,ORD00479,PROD011,5,66.1,0
ITEM00584,ORD00217,PROD011,4,64.17,0
ITEM00585,ORD00030,PROD011,3,66.54,0
ITEM00586,ORD00264,PROD043,2,80.56,0
ITEM00587,ORD00504,PROD006,5,35.25,0
ITEM00588,ORD00067,PROD042,4,52.12,0
ITEM00589,ORD00448,PROD052,3,152.4,5
ITEM00590,ORD00193,PROD048,3,126.02,0
ITEM00591,ORD00002,PROD020,4,36.54,0
ITEM00592,ORD00374,PROD052,5,168.45,0
ITEM00593,ORD00110,PROD026,3,72.15,0
ITEM00595,ORD00317,PROD033,4,24.7,30
ITEM00596,ORD00221,PROD032,3,96.56,0
ITEM00597,ORD00216,PROD055,1,49.69,0
ITEM00598,ORD00184,PROD055,2,47.12,0
ITEM00599,ORD00402,PROD022,4,32.5,0
ITEM00600,ORD00541,PROD047,5,449.72,0
ITEM00601,ORD00135,PROD021,3,1140.54,0
ITEM00602,ORD00168,PROD037,2,434.44,0
ITEM00603,ORD00201,PROD048,1,118.61,0
ITEM00604,ORD00152,PROD025,1,89.09,0
ITEM00605,ORD00486,PROD012,4,22.24,10
ITEM00606,ORD00414,PROD016,2,29.65,10
ITEM00607,ORD00385,PROD050,4,49.26,0
ITEM00608,ORD00392,PROD018,-1,48.64,0
ITEM00609,ORD00501,PROD042,-3,56.03,0
ITEM00610,ORD00492,PROD018,4,49.28,10
ITEM00611,ORD00129,PROD007,5,64.87,0
ITEM00612,ORD00021,PROD026,4,82.0,0
ITEM00613,ORD00128,PROD049,2,106.94,0
ITEM00614,ORD00185,PROD001,2,47.82,0
ITEM00615,ORD00166,PROD006,1,33.53,0
ITEM00616,ORD00373,PROD035,2,18.77,0
ITEM00617,ORD00532,PROD058,5,71.73,0
ITEM00618,ORD00321,PROD034,5,58.93,0
ITEM00619,ORD00102,PROD043,2,86.74,5
ITEM00620,ORD00222,PROD038,3,32.04,15
ITEM00621,ORD00168,PROD026,2,80.2,0
ITEM00622,ORD00073,PROD041,2,170.38,0
ITEM00623,ORD00524,PROD039,4,16.23,0
ITEM00624,ORD00254,PROD005,4,57.65,0
ITEM00625,ORD00092,PROD024,2,51.55,0
ITEM00626,ORD00101,PROD025,1,89.62,30
ITEM00627,ORD00314,PROD038,5,35.44,0
ITEM00628,ORD00278,PROD039,2,15.97,10
ITEM00629,ORD00545,PROD036,2,275.66,0
ITEM00630,ORD00526,PROD046,1,62.32,10
ITEM00631,ORD00380,PROD046,4,71.65,0
ITEM00632,ORD00363,PROD052,2,160.87,30
ITEM00633,ORD00090,PROD020,1,39.65,0
ITEM00634,ORD00246,PROD006,4,30.61,15
ITEM00635,ORD00011,PROD028,4,105.23,0
ITEM00636,ORD00546,PROD045,1,30.32,5
ITEM00637,ORD00548,PROD048,5,110.8,0
ITEM00638,ORD00044,PROD039,2,17.34,25
ITEM00639,ORD00376,PROD054,4,148.8,0
ITEM00640,ORD00383,PROD008,1,65.06,0
ITEM00641,ORD00495,PROD019,3,21.11,15
ITEM00642,ORD00528,PROD053,4,367.01,0
ITEM00643,ORD00007,PROD040,2,53.51,5
ITEM00644,ORD00010,PROD007,4,66.45,10
ITEM00645,ORD00500,PROD001,4,43.63,0
ITEM00646,ORD00374,PROD028,4,110.07,0
ITEM00647,ORD00450,PROD011,-3,55.89,0
ITEM00648,ORD00195,PROD019,1,20.0,0
ITEM00650,ORD00131,PROD021,4,1140.26,0
ITEM00651,ORD00111,PROD051,2,241.26,10
ITEM00652,ORD00351,PROD028,3,111.97,0
ITEM00653,ORD00085,PROD049,2,99.65,0
ITEM00654,ORD00118,PROD056,4,115.1,0
ITEM00655,ORD00106,PROD045,5,34.77,0
ITEM00656,ORD00153,PROD015,2,27.2,0
ITEM00658,ORD00237,PROD015,1,28.62,0
ITEM00659,ORD00276,PROD024,3,44.95,0
ITEM00660,ORD00187,PROD003,3,108.0,0
ITEM00661,ORD00104,PROD028,3,94.16,0
ITEM00662,ORD00014,PROD044,3,68.26,0
ITEM00663,ORD00542,PROD039,4,17.04,0
ITEM00664,ORD00109,PROD009,2,62.5,0
ITEM00665,ORD00457,PROD060,3,110.65,0
ITEM00666,ORD00207,PROD035,3,21.24,5
ITEM00667,ORD00356,PROD058,4,65.48,0
ITEM00668,ORD00430,PROD034,-3,59.18,0
ITEM00669,ORD00133,PROD019,2,20.02,0
ITEM00670,ORD00408,PROD032,2,105.41,0
ITEM00671,ORD00522,PROD025,2,82.11,0
ITEM00672,ORD00164,PROD037,5,442.87,0
ITEM00673,ORD00538,PROD017,2,64.54,15
ITEM00674,ORD00547,PROD016,3,31.55,0
ITEM00675,ORD00277,PROD056,2,129.33,0
ITEM00676,ORD00002,PROD042,1,52.17,0
ITEM00677,ORD00271,PROD047,1,434.03,0
ITEM00678,ORD00011,PROD053,3,326.66,0
ITEM00679,ORD00109,PROD047,5,498.31,0
ITEM00680,ORD00453,PROD015,4,28.54,15
ITEM00681,ORD00238,PROD047,1,496.26,0
ITEM00682,ORD00471,PROD012,2,21.66,10
ITEM00683,ORD00022,PROD020,1,37.45,10
ITEM00685,ORD00013,PROD039,1,15.98,0
ITEM00686,ORD00045,PROD009,1,57.35,5
ITEM00687,ORD00010,PROD051,1,246.37,0
ITEM00688,ORD00492,PROD049,3,102.66,0
ITEM00689,ORD00250,PROD004,-1,115.86,10
ITEM00690,ORD00304,PROD007,2,67.66,0
ITEM00691,ORD00438,PROD025,4,74.64,0
ITEM00692,ORD00116,PROD032,3,93.82,5
ITEM00694,ORD00183,PROD028,2,101.94,0
ITEM00695,ORD00309,PROD040,4,57.8,0
ITEM00696,ORD00272,PROD052,2,176.65,0
ITEM00697,ORD00151,PROD021,4,995.47,0
ITEM00698,ORD00116,PROD037,3,464.88,0
ITEM00699,ORD00187,PROD050,4,46.04,0
ITEM00701,ORD00547,PROD032,5,101.98,0
ITEM00702,ORD00540,PROD037,1,501.54,0
ITEM00703,ORD00003,PROD014,1,224.73,10
ITEM00704,ORD00358,PROD024,3,50.91,0
ITEM00705,ORD00432,PROD016,2,30.95,15
ITEM00706,ORD00027,PROD045,5,36.49,0
ITEM00707,ORD00162,PROD002,-2,74.63,5
ITEM00708,ORD00187,PROD031,3,28.45,0
ITEM00709,ORD00346,PROD029,2,129.08,0
ITEM00710,ORD00033,PROD039,-2,18.52,0
ITEM00711,ORD00466,PROD036,2,282.67,10
ITEM00712,ORD00161,PROD018,2,52.22,0
ITEM00713,ORD00411,PROD040,5,48.66,0
ITEM00714,ORD00080,PROD053,4,351.93,0
ITEM00715,ORD00169,PROD004,1,122.49,0
ITEM00716,ORD00372,PROD039,2,18.62,0
ITEM00717,ORD00067,PROD014,5,206.87,0
ITEM00718,ORD00034,PROD016,5,31.38,0
ITEM00719,ORD00496,PROD003,3,109.29,10
ITEM00720,ORD00513,PROD013,2,64.7,0
ITEM00721,ORD00100,PROD022,2,32.39,0
ITEM00722,ORD00392,PROD031,2,27.5,0
ITEM00724,ORD00145,PROD050,5,49.54,0
ITEM00725,ORD00350,PROD029,4,129.19,0
ITEM00726,ORD00397,PROD016,2,30.93,0
ITEM00727,ORD00510,PROD007,1,72.06,20
ITEM00728,ORD00466,PROD021,3,1000.73,5
ITEM00729,ORD00184,PROD046,4,71.56,10
ITEM00730,ORD00144,PROD008,3,74.56,0
ITEM00731,ORD00133,PROD029,3,117.89,0
ITEM00732,ORD00424,PROD033,1,22.03,0
ITEM00734,ORD00298,PROD025,4,74.84,0
ITEM00735,ORD00096,PROD023,4,334.94,0
ITEM00736,ORD00185,PROD047,4,431.38,0
ITEM00737,ORD00337,PROD005,4,58.28,0
ITEM00738,ORD00466,PROD003,2,122.7,0
ITEM00739,ORD00033,PROD039,4,18.61,20
ITEM00740,ORD00217,PROD056,3,108.61,0
ITEM00741,ORD00086,PROD010,4,976.62,0
ITEM00742,ORD00538,PROD014,4,210.13,20
ITEM00743,ORD00305,PROD011,5,56.68,0
ITEM00744,ORD00165,PROD045,1,32.61,0
ITEM00746,ORD00470,PROD060,4,111.97,0
ITEM00747,ORD00004,PROD029,5,133.45,0
ITEM00748,ORD00224,PROD048,2,126.97,0
ITEM00749,ORD00222,PROD023,3,315.73,15
ITEM00750,ORD00017,PROD020,4,44.06,0
ITEM00751,ORD00467,PROD027,5,119.07,0
ITEM00752,ORD00344,PROD008,5,73.88,0
ITEM00753,ORD00447,PROD025,3,77.12,0
ITEM00754,ORD00102,PROD006,4,35.32,15
ITEM00755,ORD00103,PROD041,3,159.99,0
ITEM00756,ORD00217,PROD015,4,31.53,0
ITEM00757,ORD00360,PROD051,4,294.83,0
ITEM00759,ORD00005,PROD058,5,73.62,5
ITEM00760,ORD00326,PROD022,5,30.65,0
ITEM00761,ORD00198,PROD040,5,55.72,0
ITEM00762,ORD00400,PROD047,4,438.24,0
ITEM00763,ORD00130,PROD033,3,20.39,0
ITEM00764,ORD00163,PROD021,5,1008.9,10
ITEM00766,ORD00367,PROD012,5,19.07,0
ITEM00767,ORD00388,PROD050,1,44.74,5
ITEM00768,ORD00106,PROD008,3,66.87,0
ITEM00769,ORD00185,PROD006,2,29.97,0
ITEM00770,ORD00503,PROD051,4,241.31,30
ITEM00771,ORD00322,PROD041,1,176.7,0
ITEM00772,ORD00033,PROD008,5,74.62,0
ITEM00773,ORD00006,PROD011,5,61.04,5
ITEM00774,ORD00525,PROD049,2,93.43,0
ITEM00775,ORD00142,PROD015,3,26.95,0
ITEM00776,ORD00095,PROD023,4,353.11,0
ITEM00777,ORD00410,PROD060,3,113.2,15
ITEM00778,ORD00106,PROD038,2,35.23,0
ITEM00779,ORD00500,PROD028,3,109.86,0
ITEM00780,ORD00393,PROD028,1,94.49,0
ITEM00781,ORD00035,PROD033,5,21.05,0
ITEM00782,ORD00031,PROD008,3,62.69,0
ITEM00783,ORD00221,PROD043,-3,78.68,10
ITEM00784,ORD00337,PROD014,5,200.94,0
ITEM00785,ORD00291,PROD039,1,16.41,10
ITEM00786,ORD00432,PROD044,2,71.33,0
ITEM00787,ORD00506,PROD032,5,91.05,5
ITEM00788,ORD00393,PROD016,1,33.64,15
ITEM00789,ORD00292,PROD009,5,65.36,0
ITEM00790,ORD00017,PROD005,3,60.34,0
ITEM00791,ORD00355,PROD026,1,73.42,0
ITEM00792,ORD00466,PROD032,3,109.1,0
ITEM00793,ORD00106,PROD002,3,76.02,0
ITEM00794,ORD00447,PROD015,5,27.52,25
ITEM00795,ORD00054,PROD017,3,73.24,5
ITEM00796,ORD00389,PROD018,1,49.34,0
ITEM00797,ORD00152,PROD049,4,103.14,0
ITEM00798,ORD00535,PROD034,3,50.89,0
ITEM00799,ORD00495,PROD015,3,27.01,0
ITEM00800,ORD00249,PROD043,1,83.63,0
ITEM00801,ORD00062,PROD014,1,180.59,20
ITEM00802,ORD00541,PROD033,4,24.05,0
ITEM00803,ORD00517,PROD007,5,73.7,10
ITEM00804,ORD00410,PROD013,5,61.02,0
ITEM00805,ORD00151,PROD030,4,73.13,0
ITEM00806,ORD00030,PROD031,5,27.96,0
ITEM00807,ORD00442,PROD014,1,186.78,0
ITEM00809,ORD00413,PROD012,4,20.66,0
ITEM00810,ORD00052,PROD042,5,50.99,5
ITEM00811,ORD00068,PROD035,4,18.45,15
ITEM00812,ORD00226,PROD047,2,506.53,0
ITEM00813,ORD00356,PROD041,1,154.37,0
ITEM00814,ORD00489,PROD048,3,109.79,0
ITEM00815,ORD00171,PROD012,4,19.48,0
ITEM00816,ORD00022,PROD012,1,22.37,0
ITEM00817,ORD00486,PROD038,1,29.41,0
ITEM00818,ORD00298,PROD054,1,152.22,0
ITEM00819,ORD00344,PROD029,4,121.23,0
ITEM00820,ORD00470,PROD001,5,50.69,0
ITEM00821,ORD00496,PROD008,2,64.04,0
ITEM00822,ORD00226,PROD043,5,89.88,0
ITEM00823,ORD00442,PROD024,1,44.17,25
ITEM00824,ORD00461,PROD057,4,40.73,15
ITEM00825,ORD00283,PROD020,5,37.7,0
ITEM00826,ORD00466,PROD037,1,521.66,0
ITEM00827,ORD00151,PROD030,5,70.2,0
ITEM00828,ORD00311,PROD032,-1,96.49,0
ITEM00829,ORD00127,PROD004,1,114.45,10
ITEM00830,ORD00359,PROD057,5,38.54,0
ITEM00831,ORD00089,PROD046,5,64.05,0
ITEM00832,ORD00298,PROD015,4,26.61,0
ITEM00833,ORD00101,PROD058,5,63.91,0
ITEM00834,ORD00331,PROD052,2,164.81,0
ITEM00835,ORD00205,PROD020,2,38.73,25
ITEM00836,ORD00448,PROD007,3,62.07,0
ITEM00837,ORD00438,PROD030,-3,66.29,0
ITEM00838,ORD00432,PROD006,2,34.96,0
ITEM00839,ORD00383,PROD009,1,62.38,0
ITEM00840,ORD00403,PROD009,4,59.44,20
ITEM00841,ORD00087,PROD004,5,108.89,0
ITEM00842,ORD00298,PROD037,5,470.55,0
ITEM00843,ORD00055,PROD045,2,30.91,15
ITEM00844,ORD00159,PROD020,4,41.64,0
ITEM00845,ORD00206,PROD008,2,60.99,20
ITEM00846,ORD00486,PROD002,1,86.97,0
ITEM00847,ORD00496,PROD012,5,21.68,0
ITEM00848,ORD00127,PROD028,2,93.29,5
ITEM00849,ORD00206,PROD031,3,26.87,5
ITEM00850,ORD00401,PROD025,1,84.54,10
ITEM00851,ORD00124,PROD037,5,460.89,0
ITEM00852,ORD00364,PROD009,2,60.32,0
ITEM00853,ORD00516,PROD014,1,195.7,0
ITEM00854,ORD00156,PROD023,2,349.2,0
ITEM00855,ORD00311,PROD060,4,118.62,0
ITEM00856,ORD00185,PROD037,3,494.39,0
ITEM00857,ORD00332,PROD038,4,36.42,0
ITEM00858,ORD00031,PROD055,4,49.7,15
ITEM00859,ORD00238,PROD050,2,50.49,0
ITEM00860,ORD00394,PROD049,3,111.9,0
ITEM00861,ORD00075,PROD029,2,128.6,0
ITEM00862,ORD00461,PROD025,2,74.39,0
ITEM00863,ORD00449,PROD044,2,64.28,5
ITEM00864,ORD00025,PROD041,1,178.55,5
ITEM00865,ORD00418,PROD037,5,477.39,5
ITEM00866,ORD00213,PROD037,5,506.9,0
ITEM00867,ORD00069,PROD029,1,119.53,0
ITEM00868,ORD00530,PROD020,5,36.9,0
ITEM00870,ORD00162,PROD019,5,20.17,0
ITEM00871,ORD00409,PROD040,4,48.67,0
ITEM00872,ORD00270,PROD042,3,48.36,0
ITEM00873,ORD00061,PROD009,1,56.76,0
ITEM00874,ORD00075,PROD052,1,178.13,0
ITEM00875,ORD00073,PROD027,5,124.14,0
ITEM00876,ORD00133,PROD018,3,49.59,10
ITEM00877,ORD00311,PROD051,-1,290.98,0
ITEM00878,ORD00201,PROD035,1,20.74,0
ITEM00879,ORD00054,PROD025,4,85.77,0
ITEM00880,ORD00119,PROD029,3,111.17,0
ITEM00881,ORD00448,PROD059,5,103.48,10
ITEM00882,ORD00016,PROD056,2,127.42,0
ITEM00883,ORD00290,PROD003,3,116.47,0
ITEM00884,ORD00408,PROD031,5,27.93,0
ITEM00885,ORD00366,PROD058,5,73.71,15
ITEM00886,ORD00251,PROD034,1,58.72,0
ITEM00887,ORD00421,PROD046,2,74.24,0
ITEM00888,ORD00534,PROD015,2,28.41,0
ITEM00889,ORD00241,PROD045,1,32.64,0
ITEM00890,ORD00035,PROD018,1,44.92,0
ITEM00891,ORD00394,PROD032,2,90.42,0
ITEM00892,ORD00189,PROD043,3,79.75,10
ITEM00893,ORD00345,PROD060,1,130.35,15
ITEM00894,ORD00445,PROD056,1,119.53,0
ITEM00895,ORD00398,PROD047,4,517.91,30
ITEM00896,ORD00532,PROD017,2,62.43,0
ITEM00897,ORD00016,PROD018,2,50.4,0
ITEM00898,ORD00303,PROD022,3,33.6,5
ITEM00899,ORD00013,PROD008,2,64.59,0
ITEM00900,ORD00018,PROD029,5,108.23,10
ITEM00901,ORD00060,PROD038,1,36.3,15
ITEM00902,ORD00265,PROD050,2,50.26,10
ITEM00903,ORD00051,PROD015,5,27.16,15
ITEM00904,ORD00234,PROD004,1,126.27,0
ITEM00905,ORD00362,PROD035,1,21.23,0
ITEM00906,ORD00116,PROD033,4,20.18,10
ITEM00908,ORD00384,PROD031,3,29.64,5
ITEM00909,ORD00027,PROD007,5,69.12,0
ITEM00910,ORD00353,PROD014,2,197.05,0
ITEM00912,ORD00429,PROD035,1,21.3,0
ITEM00913,ORD00538,PROD034,2,53.29,20
ITEM00914,ORD00371,PROD015,2,29.41,0
ITEM00915,ORD00420,PROD024,3,42.84,0
ITEM00916,ORD00236,PROD029,5,129.22,20
ITEM00917,ORD00418,PROD044,3,68.76,5
ITEM00918,ORD00419,PROD027,2,121.62,10
ITEM00919,ORD00465,PROD001,4,43.75,0
ITEM00920,ORD00130,PROD056,1,108.91,0
ITEM00921,ORD00543,PROD059,5,111.9,0
ITEM00922,ORD00301,PROD008,5,65.04,0
ITEM00923,ORD00047,PROD005,4,63.97,0
ITEM00924,ORD00447,PROD019,5,23.55,0
ITEM00925,ORD00522,PROD006,4,30.52,10
ITEM00926,ORD00450,PROD012,1,20.28,0
ITEM00927,ORD00506,PROD022,5,29.75,0
ITEM00929,ORD00216,PROD028,1,101.68,0
ITEM00930,ORD00170,PROD008,2,64.3,0
ITEM00931,ORD00266,PROD039,2,18.52,0
ITEM00932,ORD00521,PROD049,5,93.8,0
ITEM00933,ORD00200,PROD001,3,47.13,0
ITEM00935,ORD00443,PROD032,1,95.92,0
ITEM00937,ORD00465,PROD041,3,170.48,0
ITEM00938,ORD00040,PROD028,2,92.26,0
ITEM00939,ORD00037,PROD041,2,166.58,10
ITEM00940,ORD00272,PROD031,3,24.9,0
ITEM00941,ORD00091,PROD034,-1,58.29,0
ITEM00942,ORD00214,PROD046,4,62.66,0
ITEM00943,ORD00241,PROD041,3,156.55,0
ITEM00944,ORD00300,PROD043,3,80.72,0
ITEM00945,ORD00303,PROD007,3,63.27,0
ITEM00946,ORD00458,PROD021,3,1019.38,0
ITEM00947,ORD00356,PROD045,4,32.33,20
ITEM00948,ORD00241,PROD002,4,77.22,0
ITEM00949,ORD00331,PROD017,4,70.11,0
ITEM00951,ORD00171,PROD035,5,18.93,0
ITEM00952,ORD00133,PROD039,-2,17.69,0
ITEM00954,ORD00371,PROD035,2,18.89,10
ITEM00955,ORD00166,PROD059,2,111.53,0
ITEM00956,ORD00037,PROD055,4,42.21,0
ITEM00957,ORD00044,PROD011,1,57.82,15
ITEM00958,ORD00127,PROD053,3,358.8,0
ITEM00959,ORD00079,PROD005,1,60.81,0
ITEM00960,ORD00156,PROD007,5,71.02,0
ITEM00961,ORD00332,PROD028,3,101.53,5
ITEM00962,ORD00483,PROD025,4,77.23,30
ITEM00963,ORD00547,PROD033,3,21.01,10
ITEM00964,ORD00111,PROD029,2,114.04,0
ITEM00965,ORD00489,PROD037,1,431.44,0
ITEM00966,ORD00174,PROD014,2,218.92,0
ITEM00967,ORD00485,PROD034,4,56.68,0
ITEM00968,ORD00319,PROD048,4,110.62,10
ITEM00969,ORD00275,PROD045,4,30.94,0
ITEM00970,ORD00242,PROD021,1,1070.73,0
ITEM00971,ORD00436,PROD045,1,29.97,5
ITEM00972,ORD00449,PROD056,5,134.23,10
ITEM00973,ORD00429,PROD026,3,72.15,30
ITEM00974,ORD00381,PROD037,5,488.27,10
ITEM00975,ORD00381,PROD034,3,55.25,0
ITEM00976,ORD00139,PROD011,-2,61.08,0
ITEM00977,ORD00482,PROD005,1,67.41,15
ITEM00978,ORD00339,PROD007,3,60.9,0
ITEM00979,ORD00232,PROD023,4,347.16,0
ITEM00980,ORD00314,PROD024,5,48.56,0
ITEM00981,ORD00208,PROD005,5,62.0,5
ITEM00982,ORD00535,PROD038,5,34.14,0
ITEM00983,ORD00485,PROD014,1,187.56,0
ITEM00984,ORD00151,PROD010,1,999.56,0
ITEM00985,ORD00451,PROD028,1,104.96,0
ITEM00986,ORD00403,PROD025,5,85.92,0
ITEM00988,ORD00448,PROD036,1,266.49,0
ITEM00989,ORD00446,PROD042,3,52.18,10
ITEM00990,ORD00219,PROD040,4,54.7,0
ITEM00991,ORD00011,PROD013,-2,66.62,0
ITEM00992,ORD00378,PROD059,1,108.47,0
ITEM00993,ORD00491,PROD026,1,72.78,0
ITEM00994,ORD00032,PROD056,4,127.37,0
ITEM00995,ORD00485,PROD048,1,124.31,0
ITEM00996,ORD00157,PROD046,4,71.03,0
ITEM00997,ORD00123,PROD004,5,113.31,0
ITEM00998,ORD00199,PROD042,3,55.37,20
ITEM00999,ORD00174,PROD058,1,74.78,0
ITEM01000,ORD00413,PROD027,5,130.6,0
ITEM01001,ORD00274,PROD006,4,30.67,15
ITEM01002,ORD00004,PROD020,5,38.45,0
ITEM01003,ORD00089,PROD037,1,517.68,25
ITEM01004,ORD00021,PROD050,2,43.78,15
ITEM01005,ORD00196,PROD048,2,121.27,5
ITEM01006,ORD00324,PROD027,3,114.09,20
ITEM01007,ORD00451,PROD017,5,61.37,0
ITEM01008,ORD00175,PROD003,5,133.63,0
ITEM01009,ORD00445,PROD023,3,348.45,0
ITEM01010,ORD00516,PROD036,2,289.78,0
ITEM01011,ORD00479,PROD017,2,60.46,15
ITEM01012,ORD00331,PROD024,3,47.92,0
ITEM01013,ORD00368,PROD056,1,132.31,10
ITEM01014,ORD00367,PROD020,4,37.45,0
ITEM01015,ORD00468,PROD038,2,33.63,0
ITEM01016,ORD00383,PROD039,2,16.9,0
ITEM01017,ORD00520,PROD007,4,66.3,0
ITEM01018,ORD00168,PROD033,5,20.62,0
ITEM01019,ORD00143,PROD009,1,62.96,0
ITEM01020,ORD00145,PROD052,2,156.46,0
ITEM01021,ORD00177,PROD020,2,38.75,20
ITEM01022,ORD00384,PROD001,4,47.01,0
ITEM01023,ORD00484,PROD043,1,78.76,0
ITEM01024,ORD00326,PROD049,3,111.04,0
ITEM01025,ORD00435,PROD039,5,17.12,10
ITEM01026,ORD00183,PROD050,1,44.47,0
ITEM01027,ORD00408,PROD059,3,103.97,10
ITEM01028,ORD00348,PROD025,4,83.76,0
ITEM01029,ORD00493,PROD003,4,115.03,0
ITEM01030,ORD00109,PROD030,4,72.08,0
ITEM01031,ORD00013,PROD011,4,58.31,0
ITEM01032,ORD00412,PROD028,1,107.36,0
ITEM01033,ORD00462,PROD033,5,21.65,0
ITEM01034,ORD00115,PROD051,1,250.72,0
ITEM01035,ORD00346,PROD060,4,127.09,10
ITEM01036,ORD00476,PROD019,1,20.0,0
ITEM01038,ORD00184,PROD019,5,21.57,10
ITEM01039,ORD00038,PROD035,2,21.32,5
ITEM01040,ORD00442,PROD058,2,64.11,0
ITEM01041,ORD00537,PROD037,1,468.13,10
ITEM01043,ORD00264,PROD047,4,488.55,0
ITEM01044,ORD00197,PROD037,2,447.4,0
ITEM01045,ORD00051,PROD024,2,48.02,25
ITEM01046,ORD00047,PROD039,-1,17.14,5
ITEM01047,ORD00425,PROD043,3,74.32,10
ITEM01048,ORD00231,PROD002,5,84.75,15
ITEM01049,ORD00431,PROD041,5,165.43,0
ITEM01050,ORD00349,PROD021,4,1043.13,0
ITEM01051,ORD00175,PROD044,5,65.84,0
ITEM01052,ORD00499,PROD036,3,299.08,15
ITEM01053,ORD00323,PROD029,3,126.2,15
ITEM01054,ORD00426,PROD049,4,90.53,0
ITEM01055,ORD00385,PROD059,1,115.71,0
ITEM01056,ORD00224,PROD014,2,224.65,0
ITEM01057,ORD00411,PROD036,5,264.5,0
ITEM01058,ORD00372,PROD041,3,147.8,0
ITEM01059,ORD00546,PROD026,3,76.04,0
ITEM01060,ORD00461,PROD011,3,66.47,5
ITEM01061,ORD00177,PROD044,4,73.59,0
ITEM01062,ORD00030,PROD040,1,50.68,0
ITEM01063,ORD00419,PROD002,1,77.84,10
ITEM01064,ORD00024,PROD048,5,117.33,0
ITEM01065,ORD00166,PROD030,2,65.52,0
ITEM01066,ORD00301,PROD005,5,66.08,10
ITEM01067,ORD00248,PROD051,5,250.6,0
ITEM01068,ORD00164,PROD016,-1,32.8,0
ITEM01069,ORD00417,PROD056,4,122.02,0
ITEM01070,ORD00124,PROD046,1,71.63,0
ITEM01071,ORD00062,PROD019,1,23.82,0
ITEM01072,ORD00524,PROD041,2,167.39,0
ITEM01073,ORD00115,PROD047,2,437.74,0
ITEM01074,ORD00216,PROD017,4,61.44,0
ITEM01075,ORD00267,PROD022,3,31.57,0
ITEM01076,ORD00037,PROD049,-2,93.15,0
ITEM01077,ORD00299,PROD020,4,44.49,15
ITEM01078,ORD00159,PROD048,3,122.53,15
ITEM01079,ORD00029,PROD055,3,44.22,0
ITEM01080,ORD00521,PROD048,2,124.19,0
ITEM01081,ORD00160,PROD038,4,35.67,0
ITEM01082,ORD00538,PROD031,-1,25.04,0
ITEM01083,ORD00317,PROD014,2,190.09,15
ITEM01084,ORD00471,PROD037,5,515.83,0
ITEM01085,ORD00208,PROD024,3,48.97,0
ITEM01086,ORD00278,PROD036,1,297.68,0
ITEM01087,ORD00058,PROD029,2,123.29,5
ITEM01088,ORD00468,PROD012,1,18.17,0
ITEM01089,ORD00066,PROD058,2,73.53,0
ITEM01090,ORD00489,PROD030,1,61.46,0
ITEM01091,ORD00120,PROD029,4,110.24,10
ITEM01092,ORD00010,PROD038,4,32.56,0
ITEM01093,ORD00200,PROD038,1,35.32,0
ITEM01094,ORD00417,PROD039,4,16.64,0
ITEM01095,ORD00307,PROD017,3,72.99,5
ITEM01096,ORD00115,PROD049,5,111.28,0
ITEM01097,ORD00168,PROD012,4,18.28,0
ITEM01098,ORD00188,PROD013,5,71.67,0
ITEM01099,ORD00544,PROD031,5,24.61,0
ITEM01100,ORD00332,PROD011,2,56.59,0
